id,document,name,lastName,listIndex
1,V-12.345.678,Jesús,González,1
2,V-23.456.789,María,Rodríguez,2
3,V-34.567.890,Carlos,Pérez,3
4,V-45.678.901,Ana,Gómez,4
5,V-56.789.012,Luis,Fernández,5
6,V-67.890.123,Rosa,Díaz,6
7,V-78.901.234,José,Martínez,7
8,V-89.012.345,Carmen,López,8
9,V-90.123.456,Manuel,Sánchez,9
10,V-01.234.567,Mariana,Romero,10
11,V-12.345.678,Antonio,Suárez,11
12,V-23.456.789,Francisca,Morales,12
13,V-34.567.890,Rafael,Blanco,13
14,V-45.678.901,Patricia,Rivas,14
15,V-56.789.012,Eduardo,Silva,15
